id;name;created_date;modified_date
1;Markets Marion Dollar;2023-08-16T19:20:31;2023-08-16T19:02:52
2;Polynesia Convertible Coves;2023-08-16T04:47:26;2023-08-16T15:51:24
3;ick;2023-08-16T18:43:41;2023-08-17T00:56:56
4;Hybrid;2023-08-16T19:30:13;2023-08-16T14:59:18
5;South male Northeast;2023-08-17T00:09:37;2023-08-16T21:59:17
6;Hip Web artistic;2023-08-16T19:31:48;2023-08-16T05:33:37
7;Refined;2023-08-16T23:59:30;2023-08-16T04:35:48
8;Bicycle;2023-08-16T20:28:20;2023-08-16T15:57:00
9;Funk down Shoes;2023-08-16T23:08:49;2023-08-16T07:43:31
10;swan;2023-08-17T00:22:08;2023-08-16T20:58:40
